id,name,description
kantri,Kantri,"Компактный модуль с двускатной кровлей и полностью остеклённым фасадом. Спальные места, кухонная зона, санузел в одном объёме."
mirror,Mirror,"Компактный дом с плоской кровлей и двумя стеклянными фасадами от пола до потолка. Формат для аренды, глэмпинга и гостевого дома: панорамное остекление, душ за стеклянной стеной, выход на террасу."
chalet,Chalet,"Дом с двускатной кровлей и панорамным фасадным остеклением. Спальня, гостиная с кухней и терраса."
aframe,A-Frame,"Дом-пик: скаты доходят до земли, фасад остеклён во всю высоту. Гостиная с кухней и панорамным остеклением, спальня на антресоли."
classic,Classic,"Гостевой дом или баня, которые растут вместе с участком: от студии 30 м² до дома 83 м² с двумя спальнями и сауной. Плоская кровля, вертикальный фасад, панорамные двери в пол."
montblanc,Mont Blanc,Компактный дом с просторной двусветной гостиной и панорамным остеклением в два яруса. Вторая спальня выходит на второй свет. Опционально — сауна.
fachwerk,Alpine Fachwerk,"Одноэтажный фахверк: двускатная кровля, остеклённый фронтон, высокие потолки в общей зоне. Линейка растёт от 54 до 142 м² — от двух спален до четырёх со свободной гостиной и кабинетом."
alpinebarn,Alpine Barn,"Одноэтажный дом с двускатной кровлей и глубокой террасой под выносом кровли. Самая широкая линейка планировок — от двух до четырёх спален, гостиная кухня-столовая с панорамным остеклением."
alpinemax,Alpine Max,"Одноэтажный барнхаус с панорамным остеклением во всю ширину фасада. Та же модульная сетка, что и у альпийской линейки: от 72 до 142 м², от двух спален до четырёх с кабинетом."
nordic,Nordic,"Одноэтажный дом с плоской кровлей и глубокой террасой под выносом кровли. Спальни, гостиная, кухня-столовая, панорамное остекление фасадов. Опционально спальню можно заменить на сауну."
barn72,Barn 72,"Барн с двускатной кровлей и глубокой террасой под кровлей. Гостиная с кухней, разные комбинации спален — от двух до четырёх."
manhattan,Manhattan,"Одноэтажный дом с плоской кровлей и архитектурным рядом опор по фасаду. Уединённые спальни по разным сторонам дома, общая гостиная-кухня по центру. Есть версия с навесом для автомобилей."
openspace,Open Space,"Одноэтажный дом с панорамным остеклением по двум фасадам. Уединённые спальни по разным сторонам дома, общее пространство гостиной кухни-столовой, санузлы, открытая общая терраса."
andorra,Andorra,"Одноэтажный дом с плоской парящей выносной кровлей. Три спальни, гардеробная и встроенный навес для машин."
boston,Boston,"Двухэтажный дом с балконами по всему фасаду второго этажа и просторной открытой террасой первого этажа. Панорамное остекление, спальни, общая гостиная кухня-столовая, встроенный гараж для автомобилей."
brooklyn,Brooklyn,"Флагман линейки: просторный дом из кубических объёмов. Спальни, гостиная кухня-столовая, санузлы, кабинет, гардеробная и хозблок. Панорамное остекление фасадов."
