model,variant,area_m2,label,kit_factory,windows,seam,foundation,mount,crane,finish,mep
kantri,1,16,,948000,279360,186240,84000,88400,34000,,
kantri,2,16,Вариант 2,948000,279360,186240,84000,88400,34000,,
kantri,3,20,,1188000,210300,140200,105000,110500,34000,,
kantri,4,24,,1428000,256440,170960,126000,132600,34000,,
kantri,5,24,Вариант 5,1428000,256440,170960,126000,132600,34000,,
mirror,1,18,"Студия, 2 стекла",1644000,312330,208220,56000,99450,68000,,
mirror,2,18,"Студия, 3 стекла",1644000,528330,352220,56000,99450,68000,,
mirror,3,27,"Спальня, 2 стекла",2232000,344895,229930,84000,149175,68000,,
mirror,4,27,"Спальня, 3 стекла",2232000,560895,373930,84000,149175,68000,,
chalet,1,36,,1944000,394740,263160,112000,198900,68000,,
chalet,2,36,С сауной,1944000,394740,263160,112000,198900,68000,,
chalet,3,42,,2268000,461730,307820,140000,232050,68000,,
aframe,1,44,,2376000,277740,185160,112000,243100,34000,,
aframe,2,58,,3132000,408930,272620,140000,320450,34000,,
classic,1,30,Спальня,1980000,630150,420100,84000,165750,68000,,
classic,2,30,"Спальня, вариант 2",2141500,630150,420100,112000,276250,68000,,
classic,3,30,С баней,1980000,630150,420100,84000,165750,68000,,
classic,4,45,Спальня,2970000,569625,379750,126000,248625,68000,,
classic,5,45,Баня с хозблоком,2970000,569625,379750,126000,248625,68000,,
classic,6,69,"2 спальни, сауна",4554000,538065,358710,168000,381225,102000,,
classic,7,83,"2 спальни, сауна",5478000,1148055,765370,238000,458575,102000,,
montblanc,1,54,,2916000,1023390,682260,112000,298350,68000,,
montblanc,2,54,С сауной,2916000,1023390,682260,112000,298350,68000,,
fachwerk,1,54,2 спальни,3045600,714990,476660,140000,298350,68000,,
fachwerk,2,72,2 спальни,4060800,892680,595120,168000,397800,68000,,
fachwerk,3,93,2 спальни,5245200,1183545,789030,252000,513825,102000,,
fachwerk,4,96,3 спальни,5414400,1217520,811680,252000,530400,102000,,
fachwerk,5,117,3 спальни,6598800,1586025,1057350,315000,646425,102000,,
fachwerk,6,142,"4 спальни, кабинет",8008800,1811430,1207620,378000,784550,136000,,
alpinebarn,1,54,,2916000,648750,432500,140000,298350,68000,,
alpinebarn,2,72,,3888000,852360,568240,168000,397800,68000,,
alpinebarn,3,93,,5022000,1101465,734310,252000,513825,102000,,
alpinebarn,4,96,,5184000,1139760,759840,252000,530400,102000,,
alpinebarn,5,117,,6318000,1460745,973830,315000,646425,102000,,
alpinebarn,6,142,,7668000,1655910,1103940,378000,784550,136000,,
alpinemax,1,72,2 спальни,4060800,964680,643120,168000,397800,68000,,
alpinemax,2,93,2 спальни,5245200,1203945,802630,252000,513825,68000,,
alpinemax,3,96,3 спальни,5414400,1073520,715680,252000,530400,102000,,
alpinemax,4,117,3 спальни,6598800,1514025,1009350,315000,646425,102000,,
alpinemax,5,142,"4 спальни, кабинет",8008800,1615830,1077220,378000,784550,102000,,
nordic,1,65,1 спальня,3108000,96525,64350,168000,359125,68000,,
nordic,4,65,1 ванная,3348000,31725,21150,168000,359125,68000,,
nordic,2,75,2 спальни,3360000,180987,120658,252000,414375,68000,,
nordic,5,75,Сауна и ванная,3636000,173751,115834,252000,414375,68000,,
nordic,3,82,С сауной,3660000,163765,109177,294000,453050,68000,,
barn72,1,54,,2916000,1215390,810260,140000,298350,68000,,
barn72,2,72,,3888000,627720,418480,168000,397800,68000,,
barn72,3,102,,5508000,673470,448980,252000,563550,102000,,
barn72,4,108,,5832000,811980,541320,252000,596700,102000,,
manhattan,1,69,,4554000,522465,348310,294000,381225,68000,,
manhattan,2,"81,5",,5382000,666260,444173,378000,450288,102000,,
manhattan,3,"81,5",С навесом для машин,5382000,496124,330749,378000,450288,102000,,
manhattan,4,89,,5868000,749109,499406,420000,491725,102000,,
openspace,1,112,3 спальни с мастер-спальней,6115200,1230000,820000,378000,618800,102000,,
openspace,2,112,4 спальни,6115200,1230000,820000,378000,618800,102000,,
openspace,3,112,2 мастер-спальни,6115200,1230000,820000,378000,618800,102000,,
openspace,4,112,"3 спальни, большой хозблок",6115200,1230000,820000,378000,618800,102000,,
openspace,5,112,"3 спальни, навес на 2 авто",6115200,1230000,820000,378000,618800,102000,,
openspace,6,112,3 спальни и сауна,6115200,1230000,820000,378000,618800,102000,,
andorra,1,130,,8580000,1041450,694300,434000,718250,136000,,
boston,1,125,,7824000,1674825,1116550,378000,690625,136000,,
boston,2,222,,13852800,3008550,2005700,518000,1226550,170000,,
brooklyn,1,240,,15840000,2502000,1668000,574000,1326000,170000,,
